Name,Country,Email
LA COMPAGNIE DE BURGONDIE,France,
BODEGAS BOCOPA,Spain,enoturismo@bocopa.com
MAISON LE STAR VIGNOBLES   CHATEAUX,France,jbrochard@maisonlestar.fr
CASA VINICOLA MORANDO S.R.L.,Italy,info@morando.com
BODEGAS ATREVINO,Spain,info@bodegasatrevino.com
TENUTA IL CANOVINO,Italy,commerciale@ilcanovino.it
CORCHOS DEL CONDADO SL,Spain,comercial@corchosdelcondado.com
PIOGGIA STORE,Italy,info@pioggiastore.it
JUICE AND WORLD S.L.,Spain,info@juiceandworld.com
BODEGAS NAJERILLA,Spain,najerilla@bodegasnajerilla.es
Bodegas Ramon De Ayala Lete e Hijos,Spain,bodegas@rayalaehijos.com
BE2I,France,
GAEC TERRE DE GHAYA,France,terredeghaya@outlook.fr
AZIENDA AGRICOLA CASERE,Italy,info@aziendacasere.com
ETICA CRITICA,Spain,
SOCIETE CIVILE D'EXPLOITATION VITICOLE EMILE BLANC,France,slespinasse@quintefeuille-lugny.fr
SPIRIT EXPERT,France,jy.etevenard@gmail.com
SAVAR SRL,Italy,
Catipack Sp. z o.o.,Poland,kontakt@catipack.pl
UNIVERS DRINK,Belgium,administration@nightorient.com
ARMAGNAC CASTAREDE,France,info@armagnac-castarede.fr
Aires de Jaén Aceite de Oliva Virgen Extra,Spain,marketing@airesdejaen.com
POCQUET APICULTURE,France,contact@pocquet-apiculture.fr
CENTRO FORM SRL,Italy,
PEDRO FERREIRA SPIRITS,Italy,info@pedroferreiraspirits.com
CUSTOM CRAFT LIMITED,United Kingdom,contact@customcraftltd.com
KRESPA,Poland,biuro@krespa.pl
Caviaroli S.L.,Spain,info@caviaroli.com
CADES PENEDES,Spain,sales@alvinesa.com
EUROCORK,Belgium,sales@EurocapEurocork.com
Monte Safira,Portugal,geral@montesafira.com
A2 NEW LIFE 2018 SL,Spain,wecare@victoriabarcelona.com
EMBALCUT INDUSTRIA DE EMBALAGENS PARA CUTELARIAS LDA.,Portugal,geral@embalcut.pt
"SHENZHEN TENKING TECHNOLOGY CO., LTD.",China,sales@sztenking.net
BOUCHONS LECLERCQ ET FILS,Belgium,
DYSERCO,Spain,comercial@dyserco.es
C. O. R. CARTONAGEM UNIP. LDA,Portugal,cor-cartonagem@sapo.pt
CDA,France,contact@cdafrance.com
Lantos Muanyagfeldolgozo Kft.,Hungary,info@lantoscapsule.hu
LANDEMA,France,contact@landema.com
CALIPH EXPORT - IMPORT Kft.,Hungary,info@caliphtrade.com
ALYA PACKAGING,Türkiye,sales@alyapackaging.com
KAYRA HOME DESIGN,Türkiye,info@kayrahomedesign.com
FORM CREATIONS,Poland,info@formcreations.pl
SM INOX S.R.L.,Italy,info@sminoxterni.it
REGIU PLANT SRL,Romania,regiuplant@gmail.com
INATECH PACKAGING,Romania,office@inatech.ro
CAVALLI GIUSEPPE & VINCENZO S.N.C.,Italy,cantinecavalli@libero.it
INCA VALLEY / INCA CAO,Belgium,info@incacao.be
COPLA,France,infos@copla.fr
Gallardo Ingenieria,Spain,info@gallardoingenieria.com
AFINOX SRL,Italy,
DIXON GROUP EUROPE LTD,United Kingdom,
RYBA WOODEN PRODUCTS MANUFACTURER,Poland,info@rybaolpiny.com.pl
BODEGAS PIEDEMONTE S. COOP.,Spain,bodega@piedemonte.com
FINN-KORKKI OY,Finland,info@finn-korkki.com
BOUTIQUE LA VANNERIE D'AUJOURD'HUI,France,serviceclient.lva@gmail.com
PROTOS BODEGA RIBERA DEL DUERO DE PEÑAFIEL,Spain,enoturismo@bodegasprotos.com
BODEGAS MOROSANTO SL,Spain,info@bodegasmorosanto.com
HOLDERHOF PRODUKTE AG,Switzerland,info@holderhof.ch
Bodegas Bohórquez,Spain,
AGRICOLA FALSET-MARCA SCCL.,Spain,eli@etim.cat
VISTABELLA FOODS SL - BIOVISTABELLA,Spain,
DOMAINE GAEL MARTIN,France,contact@domaine-gaelmartin.fr
VINILOURENÇO UNIPESSOAL LDA.,Portugal,
