Name,Link
LA COMPAGNIE DE BURGONDIE,https://www.burgondie.info/
BODEGAS BOCOPA,https://www.bocopa.com/
MAISON LE STAR VIGNOBLES   CHATEAUX,https://www.maisonlestar.fr
CASA VINICOLA MORANDO S.R.L.,https://www.morando.com/
BODEGAS ATREVINO,https://bodegasatrevino.com/
TENUTA IL CANOVINO,http://ilcanovino.it
CORCHOS DEL CONDADO SL,https://www.corchosdelcondado.com/
PIOGGIA STORE,https://www.pioggiastore.it/
JUICE AND WORLD S.L.,https://www.juiceandworld.com
BODEGAS NAJERILLA,http://www.bodegasnajerilla.es/
Bodegas Ramon De Ayala Lete e Hijos,http://www.rayalaehijos.com/
BE2I,https://www.pappers.fr/entreprise/be2i-927832162
GAEC TERRE DE GHAYA,https://www.terredeghaya.fr
AZIENDA AGRICOLA CASERE,https://www.aziendacasere.com/
ETICA CRITICA,https://www.lacasadeltabaco.es
SOCIETE CIVILE D'EXPLOITATION VITICOLE EMILE BLANC,https://quintefeuille-lugny.fr/
SPIRIT EXPERT,https://www.tibio-lesarranges.fr/
SAVAR SRL,http://www.savar.srl
Catipack Sp. z o.o.,https://www.catipack.pl
UNIVERS DRINK,https://universdrink.com/
ARMAGNAC CASTAREDE,https://www.armagnac-castarede.fr/
Aires de Jaén Aceite de Oliva Virgen Extra,https://www.airesdejaen.com/
POCQUET APICULTURE,https://www.pocquet-apiculture.fr/
CENTRO FORM SRL,http://www.centroform.it
PEDRO FERREIRA SPIRITS,https://www.pedroferreiraspirits.com
CUSTOM CRAFT LIMITED,https://www.customcraftltd.com
KRESPA,https://krespa.pl/en/
Caviaroli S.L.,https://www.caviaroli.com
CADES PENEDES,http://www.cadespenedes.com
EUROCORK,http://www.eurocapeurocork.com
Monte Safira,https://www.montesafira.com/
A2 NEW LIFE 2018 SL,https://victoriabarcelona.es/
EMBALCUT INDUSTRIA DE EMBALAGENS PARA CUTELARIAS LDA.,http://www.embalcut.pt
"SHENZHEN TENKING TECHNOLOGY CO., LTD.",http://www.sztenking.net/
BOUCHONS LECLERCQ ET FILS,http://www.bouchonsleclercq.be
DYSERCO,https://www.dyserco.es
C. O. R. CARTONAGEM UNIP. LDA,https://corcartonagem.pt
CDA,https://cdafrance.com/
Lantos Muanyagfeldolgozo Kft.,https://lantoscapsule.com/
LANDEMA,https://landema.com
CALIPH EXPORT - IMPORT Kft.,https://www.caliphtrade.com
ALYA PACKAGING,https://alyapackaging.com
KAYRA HOME DESIGN,http://www.kayrahomedesign.com
FORM CREATIONS,http://formcreations.pl
SM INOX S.R.L.,https://www.sminoxterni.it/
REGIU PLANT SRL,https://regiuplant.ro/en/
INATECH PACKAGING,https://www.inatech-shop.ro
CAVALLI GIUSEPPE & VINCENZO S.N.C.,http://www.cantinacavalli.com/
INCA VALLEY / INCA CAO,https://www.incacao.be
COPLA,http://www.copla.fr
Gallardo Ingenieria,https://gallardoingenieria.com/es
AFINOX SRL,http://www.afinox.com
DIXON GROUP EUROPE LTD,https://europe.dixonvalve.com/en/home
RYBA WOODEN PRODUCTS MANUFACTURER,http://www.rybaolpiny.com.pl/index.php?lang=en&Itemid=242
BODEGAS PIEDEMONTE S. COOP.,https://piedemonte.com
FINN-KORKKI OY,https://www.finn-korkki.com/en/
BOUTIQUE LA VANNERIE D'AUJOURD'HUI,http://www.lavanneriedaujourdhui.fr/fr/
PROTOS BODEGA RIBERA DEL DUERO DE PEÑAFIEL,https://www.bodegasprotos.com/es/
BODEGAS MOROSANTO SL,https://bodegasmorosanto.com/
HOLDERHOF PRODUKTE AG,http://www.holderhof.ch
Bodegas Bohórquez,https://www.bodegasbohorquez.com/
AGRICOLA FALSET-MARCA SCCL.,http://www.etim.cat
VISTABELLA FOODS SL - BIOVISTABELLA,https://lavistabella.com
DOMAINE GAEL MARTIN,https://www.domaine-gaelmartin.fr/
VINILOURENÇO UNIPESSOAL LDA.,https://vinilourenco.com/
